{"frames":{"powerBalloon0.png":{"frame":{"x":0,"y":0,"w":196,"h":196},"rotated":false,"trimmed":false,"spriteSourceSize":{"x":0,"y":0,"w":196,"h":196},"sourceSize":{"w":196,"h":196}},"powerBalloon1.png":{"frame":{"x":196,"y":0,"w":196,"h":196},"rotated":false,"trimmed":false,"spriteSourceSize":{"x":0,"y":0,"w":196,"h":196},"sourceSize":{"w":196,"h":196}},"powerBalloon2.png":{"frame":{"x":392,"y":0,"w":196,"h":196},"rotated":false,"trimmed":false,"spriteSourceSize":{"x":0,"y":0,"w":196,"h":196},"sourceSize":{"w":196,"h":196}},"powerBalloon3.png":{"frame":{"x":0,"y":196,"w":196,"h":196},"rotated":false,"trimmed":false,"spriteSourceSize":{"x":0,"y":0,"w":196,"h":196},"sourceSize":{"w":196,"h":196}},"powerBalloon4.png":{"frame":{"x":196,"y":196,"w":196,"h":196},"rotated":false,"trimmed":false,"spriteSourceSize":{"x":0,"y":0,"w":196,"h":196},"sourceSize":{"w":196,"h":196}},"powerBalloon5.png":{"frame":{"x":392,"y":196,"w":196,"h":196},"rotated":false,"trimmed":false,"spriteSourceSize":{"x":0,"y":0,"w":196,"h":196},"sourceSize":{"w":196,"h":196}},"powerBalloon6.png":{"frame":{"x":0,"y":392,"w":196,"h":196},"rotated":false,"trimmed":false,"spriteSourceSize":{"x":0,"y":0,"w":196,"h":196},"sourceSize":{"w":196,"h":196}},"powerBalloon7.png":{"frame":{"x":196,"y":392,"w":196,"h":196},"rotated":false,"trimmed":false,"spriteSourceSize":{"x":0,"y":0,"w":196,"h":196},"sourceSize":{"w":196,"h":196}},"powerBalloon8.png":{"frame":{"x":392,"y":392,"w":196,"h":196},"rotated":false,"trimmed":false,"spriteSourceSize":{"x":0,"y":0,"w":196,"h":196},"sourceSize":{"w":196,"h":196}}},"meta":{"app":"https://github.com/piskelapp/piskel/","version":"1.0","image":"powerBalloon.png","format":"RGBA8888","size":{"w":588,"h":588}}}